"keywords_educacion","orienta_software"
"Analista de sistemas","Incluir"
"Analista de sistemas informáticos","Incluir"
"Analista de software","Incluir"
"Analista programador","Incluir"
"Analista programador universitario","Incluir"
"Analista programadora","Incluir"
"Analista universitario de sistemas","Incluir"
"Analista universitario en redes","Incluir"
"Analista universitario en sistemas","Incluir"
"Analista-programador","Incluir"
"Analista-programadora","Incluir"
"en Administración comunidades virtuales","Incluir"
"en Administración de comunidades virtuales","Incluir"
"en Administración de contenidos virtuales","Incluir"
"en Administración de infraestructura tecnológica","Incluir"
"en Administración de redes informáticas","Incluir"
"en Agroinformática","Incluir"
"en Análisis de Datos","Incluir"
"en Análisis de sistemas","Incluir"
"en Animación digital","Incluir"
"en Ciberseguridad","Incluir"
"en Ciencia de Datos","Incluir"
"en Ciencias de la Computación","Incluir"
"en Computación","Incluir"
"en Desarrollo aplicaciones informáticas","Incluir"
"en Desarrollo aplicaciones web","Incluir"
"en Desarrollo de aplicaciones informáticas","Incluir"
"en Desarrollo de aplicaciones web","Incluir"
"en Desarrollo de software","Incluir"
"en Desarrollo de videjuegos","Incluir"
"en Desarrollo de videojuegos","Incluir"
"en Desarrollo dispositivos móviles","Incluir"
"en Desarrollo para dispositivos móviles","Incluir"
"en Desarrollo web","Incluir"
"en Desarrollo y calidad de software","Incluir"
"en Diseño de productos interactivos y realidad virtual","Incluir"
"en Diseño de videojuegos","Incluir"
"en Diseño integral de videojuegos","Incluir"
"en Diseño y programación de videjuegos","Incluir"
"en Geoinformática","Incluir"
"en Gestión de tecnología informática","Incluir"
"en Gestión de tecnologías de la información","Incluir"
"en Gestión y seguridad de las tecnologías de la información","Incluir"
"en Gestión y seguridad de tecnología de la Información","Incluir"
"en Gestión y seguridad de tecnologías de información","Incluir"
"en Gestión y seguridad de tecnologías de la Información","Incluir"
"en Implementación y gestión informática","Incluir"
"en Informática","Incluir"
"en Informática agropecuaria","Incluir"
"en Informática Aplicada","Incluir"
"en Informática de Gestión","Incluir"
"en Informática y desarrollo de software","Incluir"
"en Informática y Tecnología Industrial","Incluir"
"en Intelifencia artificial","Incluir"
"en Inteligencia Artificial","Incluir"
"en Procesamiento y explotación de datos","Incluir"
"en Producción de videojuegos","Incluir"
"en Producción y desarrollo de videojuegos","Incluir"
"en Producción y diseño de videojuegos","Incluir"
"en Producción y simuladores de videojuegos","Incluir"
"en Programación","Incluir"
"en Programación de computadoras","Incluir"
"en Programación de computadores","Incluir"
"en Programación de sistemas","Incluir"
"en Programación de videojuegos","Incluir"
"en Programación informática","Incluir"
"en Programación web","Incluir"
"en Programación y Administración de Redes","Incluir"
"en Redes de Computadoras","Incluir"
"en Redes de computadoras","Incluir"
"en Redes de datos y telecomunicaciones","Incluir"
"en Redes informáticas","Incluir"
"en Redes y comunicación de datos","Incluir"
"en Redes y operaciones informáticas","Incluir"
"en Redes y seguridad informática","Incluir"
"en Redes y telecomunicaciones","Incluir"
"en Seguridad en tecnologías de la información","Incluir"
"en Seguridad informática","Incluir"
"en Sistemas de computación","Incluir"
"en Sistemas de información","Incluir"
"en Sistemas electrónicos industriales inteligentes","Incluir"
"en Software libre","Incluir"
"en Soporte informático","Incluir"
"en Tecnología de la Información","Incluir"
"en Tecnología de videojuegos","Incluir"
"en Tecnología informática","Incluir"
"en Tecnologías de la Información","Incluir"
"en Tecnologías de la programación","Incluir"
"en Tecnologías Web","Incluir"
"en Web","Incluir"
"Ingeniera de sistemas","Incluir"
"Ingeniera en computación","Incluir"
"Ingeniería de sistemas","Incluir"
"Ingeniería en computación","Incluir"
"Ingeniería en informática","Incluir"
"Ingeniería en sistemas","Incluir"
"Ingeniero de sistemas","Incluir"
"Ingeniero en computación","Incluir"
"Ingeniero en informática","Incluir"
"Ingeniero en sistemas","Incluir"
"Ingeniero en sistemas de información","Incluir"
"Licenciada en sistemas","Incluir"
"Licenciado en sistemas","Incluir"
"Licenciatura en sistemas","Incluir"
"Profesor en informática","Incluir"
"Profesora en informátiica","Incluir"
"Programador de sistemas","Incluir"
"Programador universitario","Incluir"
"Programador universitario de sistemas","Incluir"
"Programadora de sistemas","Incluir"
"ciencias de la computacion","Incluir"
"computer engineering","Incluir"
"computer engineer","Incluir"
"computer science","Incluir"
"computer software","Incluir"
"ingenieria informatica","Incluir"
"ing en sistemas","Incluir"
" ingenieria sistemas","Incluir"
"ingenieria software","Incluir"
"lic ciencias de datos","Incluir"
"licenciatura ciencias de datos","Incluir"
"licenciada ciencias de datos","Incluir"
"licenciado ciencias de datos","Incluir"
"licenciada sistemas","Incluir"
"licenciado sistemas","Incluir"
"licenciatura sistemas","Incluir"
"licentiate information technology","Incluir"
"tecnologia informatica","Incluir"
"licentiate sistemas","Incluir"
"sistemas de computacion","Incluir"
"sistemas informaticos,","Incluir"
"software engineering","Incluir"
"system engineer","Incluir"
"systems engineer","Incluir"
"tecnicatura informatica","Incluir"
"Ciclo básico","Excluir"
"Ciclo de complementación curricular","Excluir"
"Ciclo de profesorado","Excluir"
"Ciclo básico de formación","Excluir"
"Ciclo básico común","Excluir"
"Profesor en","Excluir"
"Profesorado","Excluir"
"Profesor universitario en","Excluir"
"Ciclo de tecnicatura","Excluir"
